category,title,publish_time,source,content_length,url,crawl_time
首页,2026“@国务院 我为政府工作报告提建议”网民建言征集活动,2026-01-24 22:30:05,新浪新闻,0,https://news.sina.com.cn/zt_d/subject-1765328895/index.shtml,2026-01-24 22:30:05
首页,张又侠、刘振立涉嫌严重违纪违法被立案审查调查,2026-01-24- 15:02,央视,81,https://news.sina.com.cn/zx/2026-01-24/doc-inhikvqw1180730.shtml,2026-01-24 22:30:07
首页,国航辟谣女机长被解聘后养蜂卖蜜,2026-01-24- 14:46,北京晚报,560,https://finance.sina.com.cn/jjxw/2026-01-24/doc-inhikvqw1181911.shtml,2026-01-24 22:30:09
首页,拾光纪·“不要把中国五千年的文明文化搞丢了”,2026-01-24- 19:54,人民日报,86,https://news.sina.com.cn/c/xl/2026-01-24/doc-inhimhes1012287.shtml,2026-01-24 22:30:10
首页,乘势而上启新程 凝心聚力开新局——习近平总书记在省部级主要领导干部专题研讨班开班式上的重要讲话激发奋进“十五五”信心力量,2026-01-24- 19:54,新华社,2995,https://news.sina.com.cn/c/xl/2026-01-24/doc-inhimhes1012279.shtml,2026-01-24 22:30:13
首页,多省份公布去年结婚登记数据,2026-01-24- 16:00,第一财经网,1158,https://news.sina.com.cn/c/2026-01-24/doc-inhikvqv4039882.shtml,2026-01-24 22:30:15
首页,美国首个！加州宣布：加入世卫组织全球疫情警报和反应网络,2026-01-24- 14:57,环球网,555,https://news.sina.com.cn/w/2026-01-24/doc-inhikvra2646764.shtml,2026-01-24 22:30:17
首页,英伟达CEO黄仁勋现身上海菜市场边吃边逛，网友：食物不离手！他还将前往北京及深圳，本次行程以“逛吃”为主,2026-01-24- 18:08,每日经济新闻,626,https://news.sina.com.cn/c/2026-01-24/doc-inhikzwt3944638.shtml,2026-01-24 22:30:18
首页,保时捷女销冠讲述“年销192台车”：女顾客超60%，称没有所谓的资源，曾差点被公司淘汰,2026-01-24- 19:46,红星新闻,558,https://news.sina.com.cn/s/2026-01-24/doc-inhimhes1011806.shtml,2026-01-24 22:30:21
首页,越共中央政治局，“新面孔”接近一半,2026-01-24- 19:16,新浪新闻综合,3640,https://news.sina.com.cn/w/2026-01-24/doc-inhimhes1001357.shtml,2026-01-24 22:30:23
国际,北控力克北京 廖三宁21+6 邹雨宸21+15 曾凡博20+8 赵睿伤退,2026-01-24- 21:35,新浪新闻综合,498,https://news.sina.com.cn/w/2026-01-24/doc-inhimnnp3734827.shtml,2026-01-24 22:30:35
国际,吉林击败天津 威尔逊25+14 大卫·詹姆斯27+15&连失关键三分,2026-01-24- 21:28,新浪新闻综合,461,https://news.sina.com.cn/w/2026-01-24/doc-inhimnnu2354768.shtml,2026-01-24 22:30:38
国际,美国纽约一高层公寓顶层发生大火,2026-01-24- 20:09,央视,178,https://news.sina.com.cn/w/2026-01-24/doc-inhimhet9983911.shtml,2026-01-24 22:30:40
国际,还击美国！近30万人联署：“支持丹麦买下加州”,2026-01-24- 20:04,环球网,508,https://news.sina.com.cn/w/2026-01-24/doc-inhimhet9976770.shtml,2026-01-24 22:30:42
国际,Here we go！罗马诺：西汉姆签下29岁阿达玛·特劳雷，与努诺重聚,2026-01-24- 19:04,新浪新闻综合,245,https://news.sina.com.cn/w/2026-01-24/doc-inhimhew2445907.shtml,2026-01-24 22:30:46
国际,再刷纪录！德约成为首位大满贯400胜的球员 第18次打入澳网16强,2026-01-24- 19:03,新浪新闻综合,149,https://news.sina.com.cn/w/2026-01-24/doc-inhimher3834197.shtml,2026-01-24 22:30:49
国际,科贝：佩德里、加维、费兰·托雷斯、克里斯滕森缺席巴萨今日训练,2026-01-24- 19:00,新浪新闻综合,129,https://news.sina.com.cn/w/2026-01-24/doc-inhimhew2446600.shtml,2026-01-24 22:30:51
国际,每体：巴黎正积极争取尽快签下德罗，只待敲定最终方案及金额,2026-01-24- 18:29,新浪新闻综合,664,https://news.sina.com.cn/w/2026-01-24/doc-inhimhew2445757.shtml,2026-01-24 22:30:54
国际,“最安全的铁路路段，一起非常反常的脱轨事故”,2026-01-24- 18:28,新浪新闻综合,1513,https://news.sina.com.cn/w/2026-01-24/doc-inhimhet9984182.shtml,2026-01-24 22:30:56
国际,记者：恩内斯里的租借费是580万欧元，带有2150万欧元的买断选项,2026-01-24- 18:18,新浪新闻综合,142,https://news.sina.com.cn/w/2026-01-24/doc-inhimhet9958194.shtml,2026-01-24 22:30:58
国际,澳网女单第三轮：斯瓦泰克战胜卡林斯卡娅，晋级澳网16强,2026-01-24- 18:17,新浪新闻综合,143,https://news.sina.com.cn/w/2026-01-24/doc-inhimhew2440658.shtml,2026-01-24 22:31:00
国际,罕见！美国首次召集西半球34国军方高级官员举行会议,2026-01-24- 17:42,环球网,327,https://news.sina.com.cn/w/2026-01-24/doc-inhikzww0061193.shtml,2026-01-24 22:31:03
国际,弗里茨3-1击败瓦林卡，时隔2年重回澳网16强,2026-01-24- 17:32,新浪新闻综合,114,https://news.sina.com.cn/w/2026-01-24/doc-inhikzwy2557676.shtml,2026-01-24 22:31:05
国际,澳网女单第三轮：大坂直美因伤退赛，英格利斯不战而胜直接进16强,2026-01-24- 17:31,新浪新闻综合,86,https://news.sina.com.cn/w/2026-01-24/doc-inhikzwt3938060.shtml,2026-01-24 22:31:08
国际,Shams：因报道字母流言 我很确定雄鹿在夏天想对我做些刻薄的事情,2026-01-24- 16:41,新浪新闻综合,197,https://news.sina.com.cn/w/2026-01-24/doc-inhimnnq0905100.shtml,2026-01-24 22:31:10
科技,王毅任浙大药学院常务副院长，党委副书记,2026-01-24- 22:13,滚动播报,444,https://finance.sina.com.cn/tech/discovery/2026-01-24/doc-inhimnnr9880410.shtml,2026-01-24 22:31:18
科技,OPPO Find X9 Ultra三月登场：机圈最强望远镜来了,2026-01-24- 22:12,快科技,463,https://finance.sina.com.cn/tech/discovery/2026-01-24/doc-inhimnnr9881397.shtml,2026-01-24 22:31:21
科技,西城团形成34条建议，涉及民生养老、人工智能应用等领域,2026-01-24- 22:11,新京报网,324,https://finance.sina.com.cn/tech/roll/2026-01-24/doc-inhimnnp3744588.shtml,2026-01-24 22:31:23
科技,独居老人突发疾病监护遇困，马元颖委员：借助法律手段破解难题,2026-01-24- 22:07,新京报网,596,https://finance.sina.com.cn/tech/roll/2026-01-24/doc-inhimnnr9882002.shtml,2026-01-24 22:31:24
科技,防灾下多大力气都不为过，农业界别委员建言献策,2026-01-24- 22:04,新京报网,786,https://finance.sina.com.cn/tech/roll/2026-01-24/doc-inhimnnr9881920.shtml,2026-01-24 22:31:26
科技,长期这么睡觉：大脑会加速衰老 很多人都没注意到,2026-01-24- 22:03,快科技,459,https://finance.sina.com.cn/tech/roll/2026-01-24/doc-inhimnnp3743294.shtml,2026-01-24 22:31:28
科技,演员黄景瑜：009号太空游客！普通人“上天”需要什么条件？,2026-01-24- 22:01,新浪新闻,2260,https://finance.sina.com.cn/tech/roll/2026-01-24/doc-inhimnnr9879306.shtml,2026-01-24 22:31:30
科技,iPhone Air最高降2500元,2026-01-24- 21:57,新京报网,248,https://finance.sina.com.cn/tech/roll/2026-01-24/doc-inhimnnp3744702.shtml,2026-01-24 22:31:32
科技,30TB TLC硬盘要价近8万：SSD涨太狠 单位成本已是HDD的16倍,2026-01-24- 21:53,快科技,553,https://finance.sina.com.cn/tech/roll/2026-01-24/doc-inhimnnq0917317.shtml,2026-01-24 22:31:33
科技,2026年最香的苹果手机来了！iPhone 17e不会涨价,2026-01-24- 21:41,快科技,545,https://finance.sina.com.cn/tech/roll/2026-01-24/doc-inhimnnp3738225.shtml,2026-01-24 22:31:36
科技,广西一运河动物通道桥引关注：方便动物迁徙 将布置植物引导通行,2026-01-24- 21:37,新京报网,198,https://finance.sina.com.cn/tech/roll/2026-01-24/doc-inhimnnq0918204.shtml,2026-01-24 22:31:38
科技,第六届中国大地测量与地球物理学学术大会在复旦大学举行,2026-01-24- 21:35,滚动播报,3123,https://finance.sina.com.cn/tech/discovery/2026-01-24/doc-inhimnnu2355069.shtml,2026-01-24 22:31:41
财经,疯狂抛售！美股、美债，突发！特朗普，发出威胁！,2026-01-24- 16:42,券商中国,2060,https://finance.sina.com.cn/money/forex/forexinfo/2026-01-24/doc-inhikzwy2538161.shtml,2026-01-24 22:31:59
财经,U23男足亚洲杯，今晚决赛！中国队对阵日本队,2026-01-24- 18:53,21世纪经济报道,838,https://finance.sina.com.cn/roll/2026-01-24/doc-inhimher3825645.shtml,2026-01-24 22:32:02
财经,又见证历史！白银已破100美元关口，黄金逼近5000美元,2026-01-24- 16:01,每日经济新闻,2013,https://finance.sina.com.cn/roll/2026-01-24/doc-inhikvra2659352.shtml,2026-01-24 22:32:05
财经,李亚鹏一夜带货超7500万元，自认缺点太多,2026-01-24- 19:28,新浪新闻,698,https://finance.sina.com.cn/wm/2026-01-24/doc-inhimhes1006809.shtml,2026-01-24 22:32:07
财经,A股公司跨界并购案例频现 监管问询把脉“虚实”,2026-01-23- 02:40,上海证券报,2498,https://finance.sina.com.cn/stock/relnews/cn/2026-01-23/doc-inhifkwm5382940.shtml,2026-01-24 22:32:10
财经,比亚迪计划2026年出口130万辆汽车,2026-01-24- 21:49,环球市场播报,230,https://finance.sina.com.cn/stock/usstock/c/2026-01-24/doc-inhimnnr9874052.shtml,2026-01-24 22:32:12
财经,内存领衔 涨价潮压顶 汽车行业供应链迎成本与自主升级大考,2026-01-23- 05:47,中国证券报-中证网,2494,https://finance.sina.com.cn/stock/auto/2026-01-23/doc-inhifvnk1148873.shtml,2026-01-24 22:32:14
财经,理想汽车谋划渠道调整：将关闭低能效门店 数量不详,2026-01-23- 00:15,滚动播报,456,https://finance.sina.com.cn/stock/auto/2026-01-23/doc-inhifeqm7002353.shtml,2026-01-24 22:32:15
财经,博锐生物赴港IPO 创新药商业化成色迎考,2026-01-23- 05:24,滚动播报,2167,https://finance.sina.com.cn/jjxw/2026-01-23/doc-inhifren1271237.shtml,2026-01-24 22:32:18
财经,腾讯重金押宝 燧原科技冲刺科创板IPO 财务细节曝光,2026-01-23- 00:28,上海证券报,2134,https://finance.sina.com.cn/stock/hkstock/hkstocknews/2026-01-23/doc-inhifrei5276580.shtml,2026-01-24 22:32:21
财经,锋龙股份17连板：逼近800倍估值狂欢，谁在豪赌“机器人借壳”？,2026-01-22- 22:22,每日经济新闻,1711,https://finance.sina.com.cn/jjxw/2026-01-22/doc-inhieyhs2612090.shtml,2026-01-24 22:32:24
财经,谁能跻身全球品牌价值500强？光大银行下滑71名，民生银行降60名,2026-01-24 22:32:26,新浪新闻,0,https://finance.sina.com.cn/jinrong/yh/2026-01-22/doc-inhietyw1635072.shtml,2026-01-24 22:32:26
